<unattend xmlns="urn:schemas-microsoft-com:unattend" xmlns:ms="urn:schemas-microsoft-com:asm.v3">
<settings pass="specialize">       
<component name="Networking-MPSSVC-Svc" processorArchitecture="amd64" publicKeyToken="31bf3856ad364e35" language="neutral" versionScope="nonSxS" xmlns:wcm="http://schemas.microsoft.com/WMIConfig/2002/State" xmlns:xsi="http://www.w3.org/2001/XMLSchema-instance">
            <FirewallGroups>
                <FirewallGroup wcm:action="add" wcm:keyValue="RemoteDesktop">
                    <Active>true</Active>
                    <Profile>all</Profile>
                    <Group>@FirewallAPI.dll,-28752</Group>
                </FirewallGroup>
            </FirewallGroups>
        </component>
    <component name="Microsoft-Windows-IE-ESC" processorArchitecture="amd64" publicKeyToken="31bf3856ad364e35" language="neutral" versionScope="nonSxS" xmlns:wcm="http://schemas.microsoft.com/WMIConfig/2002/State" xmlns:xsi="http://www.w3.org/2001/XMLSchema-instance">
      <IEHardenAdmin>false</IEHardenAdmin>
      <IEHardenUser>false</IEHardenUser>
    </component>
</settings>
<settings pass="oobeSystem">
   <component xmlns="" name="Microsoft-Windows-TerminalServices-LocalSessionManager" publicKeyToken="31bf3856ad364e35" language="neutral" versionScope="nonSxS" processorArchitecture="amd64">
     <fDenyTSConnections>false</fDenyTSConnections>
   </component>
   <component xmlns="" name="Microsoft-Windows-TerminalServices-RDP-WinStationExtensions" publicKeyToken="31bf3856ad364e35" language="neutral" versionScope="nonSxS" processorArchitecture="amd64">
     <UserAuthentication>0</UserAuthentication>
   </component>
</settings>
</unattend>