﻿<unattend xmlns="urn:schemas-microsoft-com:unattend">
  <settings pass="windowsPE">
    <component name="Microsoft-Windows-Setup" publicKeyToken="31bf3856ad364e35" language="neutral" versionScope="nonSxS" processorArchitecture="AMD64">
      <UpgradeData>
        <Upgrade>false</Upgrade>
      </UpgradeData>
      <UserData>
        <AcceptEula>true</AcceptEula>
        <FullName>Microsoft</FullName>
        <Organization>Microsoft</Organization>
        <ProductKey>
          <WillShowUI>OnError</WillShowUI>
          <Key>%productkey%</Key>
        </ProductKey>
      </UserData>
      <Restart>Restart</Restart>
    </component>
    <component name="Microsoft-Windows-International-Core-WinPE" publicKeyToken="31bf3856ad364e35" language="neutral" versionScope="nonSxS" processorArchitecture="AMD64">
      <SetupUILanguage>
        <UILanguage>en-us</UILanguage>
        <WillShowUI>OnError</WillShowUI>
      </SetupUILanguage>
      <UILanguage>%locale%</UILanguage>
      <SystemLocale>%locale%</SystemLocale>
      <UserLocale>%locale%</UserLocale>
      <InputLocale>0409:00000409</InputLocale>
    </component>
  </settings>
  <settings pass="specialize">
    <component xmlns="" name="Microsoft-Windows-TerminalServices-LocalSessionManager" publicKeyToken="31bf3856ad364e35" language="neutral" versionScope="nonSxS" processorArchitecture="amd64">
      <fDenyTSConnections>false</fDenyTSConnections>
    </component>
    <component xmlns="" name="Microsoft-Windows-TerminalServices-RDP-WinStationExtensions" publicKeyToken="31bf3856ad364e35" language="neutral" versionScope="nonSxS" processorArchitecture="amd64">
      <UserAuthentication>0</UserAuthentication>
    </component>
    <component name="Microsoft-Windows-Shell-Setup" publicKeyToken="31bf3856ad364e35" language="neutral" versionScope="nonSxS" processorArchitecture="AMD64">
      <ComputerName></ComputerName>
    </component>
    <component name="Networking-MPSSVC-Svc" processorArchitecture="amd64" publicKeyToken="31bf3856ad364e35" language="neutral" versionScope="nonSxS" xmlns:wcm="http://schemas.microsoft.com/WMIConfig/2002/State" xmlns:xsi="http://www.w3.org/2001/XMLSchema-instance">
      <FirewallGroups>
        <FirewallGroup wcm:action="add" wcm:keyValue="RemoteDesktop">
          <Active>true</Active>
          <Profile>all</Profile>
          <Group>@FirewallAPI.dll,-28752</Group>
        </FirewallGroup>
      </FirewallGroups>
    </component>
    <component name="Microsoft-Windows-IE-ESC" processorArchitecture="amd64" publicKeyToken="31bf3856ad364e35" language="neutral" versionScope="nonSxS" xmlns:wcm="http://schemas.microsoft.com/WMIConfig/2002/State" xmlns:xsi="http://www.w3.org/2001/XMLSchema-instance">
      <IEHardenAdmin>false</IEHardenAdmin>
      <IEHardenUser>false</IEHardenUser>
    </component>
    <component name="Microsoft-Windows-Deployment" publicKeyToken="31bf3856ad364e35" language="neutral" versionScope="nonSxS" processorArchitecture="AMD64">
      <RunSynchronous>
        <RunSynchronousCommand>
          <Order>1</Order>
          <Path>cmd /c net user administrator /active:yes</Path>
          <Description>RS1</Description>
          <WillReboot>Never</WillReboot>
        </RunSynchronousCommand>
      </RunSynchronous>
    </component>
  </settings>
  <settings pass="oobeSystem">
    <component name="Microsoft-Windows-Shell-Setup" publicKeyToken="31bf3856ad364e35" language="neutral" versionScope="nonSxS" processorArchitecture="AMD64">
      <UserAccounts>
        <AdministratorPassword>
          <Value>%adminpassword%</Value>
          <PlainText>true</PlainText>
        </AdministratorPassword>
      </UserAccounts>
      <OOBE>
        <SkipMachineOOBE>true</SkipMachineOOBE>
      </OOBE>
    </component>
  </settings>
</unattend>
